$$$ Jim $$$,US
2P,US
Ace,US
actual loser,CA
AJBCDEFG,US
AllGreen,US
Alvin,PE
Andykins,US
antarctican,US
Apparition,US
BarkSanchez,US
BigBeaver,US
Billbacon420,US
bloogo,US
BlueBear,US
Box765,US
bp,US
Bread,US
brizzles,US
CaM,US
capos,US
Captain Fabulous,CA
Clubbadubba,US
CTG,US
cwic-beam,CA
Czar,US
Daniel,US
DankPank,US
Dark Gentleman,US
deathcpo,US
Dext3r,MX
Dizzle,US
Dogs_Johnson,US
Dr. lampy,US
DROC,US
Elu,US
ESPparadox,US
Exparrot,US
FabulousBoy,US
fireberts,US
Fireblaster,US
Frame,US
Freean,US
Gildo,US
GolfClubNinja,US
Grahamaglam,US
Greeno,US
griffith,US
GT,US
Half Man,US
HAMMERHEART,US
hipstur,US
Horbie,US
Hotpocket,US
Hotspank,CA
icactusdog,US
Indefa,AU
James3927,AU
JAMJAR,US
Jay_mute$,US
Jimmy Joe,US
Jollie,US
Joshi,PE
jsmirk,US
KaZ,US
KD3,US
KeroKeroppi,US
King Lumsy,US
KoRoBeNiKi,US
Kristoff,US
KRONK!,US
Laowai,US
lord narwhal,US
Loto,US
Lowww,US
Luckycharm,CA
LunarNOVA,US
Madrush21,US
majin_bukkake,US
Maliki,US
Choudr,US
Marbles,US
Mariguas,MX
MasterHandJob,US
measTHEbeast,US
Mello,US
Microwaved Hotdogs,US
minymidge,US
Monad,US
Moonshoe,US
Mr.Sir,US
MRKYMRK,US
Nardwell,US
NessKhalifa,CA
PapaSquat,US
Preston,CA
Professor_wizard,US
PurpleFox,US
Purtle,US
pZero39,US
Qerbstomp,CA
Raychu,US
Razz,US
Reject,US
Reptar,US
Revan,CA
Robert,US
Rocket,US
RussellSprouts,US
Rusty,US
Soï¿½crates,US
schickler,US
Seantos,US
Sebula,US
Sedda,US
Sevshun,US
Shalaka,CL
Shawarma Habibi,CA
Shears,US
SKG,US
slatts,US
SonicFuzz,US
Sour,US
Spamus,US
Spongy,US
Star King,US
Staysleepin,US
Stew,US
Stranded,US
Sugaaku,US
Sunflower,US
SunVulcan,US
supa,US
t3rquoise,US
tacos,US
Tangerine,CA
Teflon Ron,US
The Drew,US
The Protagonist,US
The Yid,US
ThrillHouse,US
Time Machine,US
TTP,US
tyhiggz,US
V,US
Velocity Jones,US
Victor,US
Waxy:Joe,US
WhiteJesus,US
WhiteZebra,US
widdy,US
Yaks,US
Yobolight,US
Yolochi,US
Yunque,US
Zero,US
teflon ron,
Cpt. Fabulous,
hotspank,
nesskhalifa,
CPt. Fabulous,
No clue,
Griffith,
The Z,
App the worthless,
Apptheworthless,
Nesskhalifa,
tranded,
preston,
hotpocket,
ness khalifa,
chouder,
cpt fabulous,
no lcue,
no clue,
velocity,
razz,
Griifith,
janco,
daniel,
marbles,
qapples,
prof. wizard,
Qapples,
James3926,
Hipstur,
Lord Narwhal,
barksanchez,
darkhorse,
stevie g,
madrush,
shears,
ctg,
raychu,
Z,
horbie,
revan,
mr. sir,
joshi,
alvin,
mariguas,
tr3gthez,
ssbmtl | thez,
ssbmtl | tr3gthez,
fireblaster,
TR3GTheZ,
Dext3r (P2),
Mariguas (P2),
Alvin (P4),
tacos (P2),
Dext3r (P4),
Mariguas [L],
(p2) Alvin,
(p4) Mariguas [L],
(p4) Alvin,
(p2) Mariguas [L],
